{"cameraMode":{"drawMode":0,"name":"Shaded","section":"Shading Mode"},"sceneLighting":true,"audioPlay":false,"sceneViewState":{"m_AlwaysRefresh":false,"showFog":true,"showSkybox":true,"showFlares":true,"showImageEffects":true,"showParticleSystems":true,"showVisualEffectGraphs":true,"m_FxEnabled":true},"in2DMode":false,"pivot":{"x":-27.622467041015626,"y":-1.9925622940063477,"z":-37.34015655517578},"rotation":{"x":0.02699235826730728,"y":-0.9319413304328919,"z":0.07142432779073715,"w":0.3546692430973053},"size":19.032121658325197,"orthographic":false}